,iteration,SigC,SigH,EpsC,EpsH,prediction
0,1.0,0.2,0.182,0.657,0.08,690.3327520886751
1,2.0,0.2184122500661786,0.2354503319979803,0.6595139489615419,0.106532642488545,683.0241666877045
2,3.0,0.238003730724103,0.2328544329909429,0.6623891806990632,0.1305686724525591,702.0402431734775
3,4.0,0.2072277956293436,0.2308959887196037,0.6602530699026267,0.1351518859261564,690.6026084738245
4,5.0,0.2072746865898193,0.2299590651076365,0.6603096589089568,0.1348864666654897,692.2753251682954
5,6.0,0.2072736815838491,0.2299442451669459,0.6603102820029096,0.1348830313025531,692.3006332304224
6,7.0,0.207271589690293,0.2299146076120143,0.6603114242453302,0.1348761569170608,692.3511695352364
